"movieId","movieTitle","movieYear","movieURL","movieRank","critic_score","audience_score"
"963448dc-df1d-3125-aa10-639748f56fb0","L.A. Confidential",1997,"https://www.rottentomatoes.com/m/la_confidential",1,"99%","94%"
"5aa3be92-ee5f-3302-93a1-aba38151e6bc","The Godfather",1972,"https://www.rottentomatoes.com/m/the_godfather",2,"97%","98%"
"744d4aea-e6ad-3c9a-9723-ee9b10505b98","Casablanca",1942,"https://www.rottentomatoes.com/m/1003707-casablanca",3,"99%","95%"
"e82e8623-76fa-3a2a-9fc3-1f5ce4fb4768","Seven Samurai",1954,"https://www.rottentomatoes.com/m/seven_samurai_1956",4,"100%","97%"
"a82538f5-e84b-32e8-9a49-2872b563d583","Parasite",2019,"https://www.rottentomatoes.com/m/parasite_2019",5,"99%","90%"
"dc41988b-1081-351f-b735-95ce61a8f5ad","Schindler's List",1993,"https://www.rottentomatoes.com/m/schindlers_list",6,"98%","97%"
"db97d08b-0855-3d42-890f-829fddbdb1fa","Top Gun: Maverick",2022,"https://www.rottentomatoes.com/m/top_gun_maverick",7,"96%","99%"
"6bacd7ec-76c9-3f40-b69a-cde708c3ac01","Toy Story 2",1999,"https://www.rottentomatoes.com/m/toy_story_2",8,"100%","87%"
"a64d86c4-8a6b-39f9-a750-23b12f06adbf","Chinatown",1974,"https://www.rottentomatoes.com/m/chinatown",9,"98%","93%"
"065fb5ae-802f-39c0-bd91-8e8757e53f1f","On the Waterfront",1954,"https://www.rottentomatoes.com/m/on_the_waterfront",10,"99%","95%"
"ae237566-9a4e-3ddd-8d11-8b17902f0660","The Battle of Algiers",1966,"https://www.rottentomatoes.com/m/the_battle_of_algiers",11,"99%","95%"
"48f742e7-d657-38bc-ad26-ff9e52e79073","Toy Story",1995,"https://www.rottentomatoes.com/m/toy_story",12,"100%","92%"
"3f6ec438-dabc-3e8a-b27a-cc859c66d065","Rear Window",1954,"https://www.rottentomatoes.com/m/1017289-rear_window",13,"98%","95%"
"9499525e-338d-3fd9-bb20-503b61f9a446","Modern Times",1936,"https://www.rottentomatoes.com/m/modern_times",14,"98%","95%"
"cce9361c-4dba-3321-9d0a-60a8623c465c","How to Train Your Dragon",2010,"https://www.rottentomatoes.com/m/how_to_train_your_dragon",15,"99%","91%"
"2becdd54-961d-384e-90c6-3ce9852d658f","All About Eve",1950,"https://www.rottentomatoes.com/m/1000626-all_about_eve",16,"99%","94%"
"088f0a18-b2cb-3257-ac4c-367ef2c49e97","Spirited Away",2001,"https://www.rottentomatoes.com/m/spirited_away",17,"96%","96%"
"2d49ba33-54d4-337c-9f27-f05a9349ed12","Up",2009,"https://www.rottentomatoes.com/m/up",18,"98%","90%"
"f72a78f3-fd5f-37a7-8578-b76cf0d71b59","The Third Man",1949,"https://www.rottentomatoes.com/m/the_third_man",19,"99%","93%"
"b8611440-e6ac-37f2-b68e-7f4a001fee09","Spotlight",2015,"https://www.rottentomatoes.com/m/spotlight_2015",20,"97%","93%"
"4517f650-c60a-4edc-b37e-9236213c2b93","Spider-Man: Into the Spider-Verse",2018,"https://www.rottentomatoes.com/m/spider_man_into_the_spider_verse",21,"97%","94%"
"a5a28373-c2f8-3e44-86f7-029f84fc100d","The Philadelphia Story",1940,"https://www.rottentomatoes.com/m/philadelphia_story",22,"100%","93%"
"f3b83be1-931e-3f5e-91ab-9c1148d6c0e6","Finding Nemo",2003,"https://www.rottentomatoes.com/m/finding_nemo",23,"99%","86%"
"6da4d992-97ca-3acc-834c-37c1ad34872c","Singin' in the Rain",1952,"https://www.rottentomatoes.com/m/singin_in_the_rain",24,"100%","95%"
"7b7f4c61-df44-3341-92a8-05e2a5392c83","12 Angry Men",1957,"https://www.rottentomatoes.com/m/1000013_12_angry_men",25,"100%","97%"
"9ca85aae-f704-379e-a1ea-26990e4ddf83","Toy Story 3",2010,"https://www.rottentomatoes.com/m/toy_story_3",26,"98%","90%"
"658a2496-f83a-392a-b370-9abfa8a0cc9e","Sunset Boulevard",1950,"https://www.rottentomatoes.com/m/sunset_boulevard",27,"98%","94%"
"e409e2f7-0f17-333f-bb91-04fb5f69cbd0","Coco",2017,"https://www.rottentomatoes.com/m/coco_2017",28,"97%","94%"
"a0f4eb8f-d33c-38f7-84cf-d3bfc2ffc714","The Godfather, Part II",1974,"https://www.rottentomatoes.com/m/godfather_part_ii",29,"96%","97%"
"43fd2e63-e6b4-311d-9de8-f712045641aa","Three Colors: Red",1994,"https://www.rottentomatoes.com/m/three_colors_red",30,"100%","94%"
"c73656b8-5e8a-3848-8df1-6aa864b48872","Selma",2014,"https://www.rottentomatoes.com/m/selma",31,"99%","86%"
"aec21e9b-16de-3ab4-83ce-5e36094ee689","Zootopia",2016,"https://www.rottentomatoes.com/m/zootopia",32,"98%","92%"
"18af2553-dc8f-3607-a605-92e907068433","Citizen Kane",1941,"https://www.rottentomatoes.com/m/citizen_kane",33,"99%","90%"
"09291ad9-40e1-3e17-af71-e1dcafb81921","Annie Hall",1977,"https://www.rottentomatoes.com/m/annie_hall",34,"97%","92%"
"985e183e-108c-3b26-8b9e-0f89f086013b","Cool Hand Luke",1967,"https://www.rottentomatoes.com/m/cool_hand_luke",35,"100%","95%"
"65021aba-fbbf-3c55-b038-4d324afb1a96","The Holdovers",2023,"https://www.rottentomatoes.com/m/the_holdovers",36,"97%","92%"
"d7243dcc-df4e-3a21-9ebc-4af39d28c02a","Inside Out",2015,"https://www.rottentomatoes.com/m/inside_out_2015",37,"98%","89%"
"459b82e0-0535-3c5a-a84c-f7a5920d0028","Dr. Strangelove Or: How I Learned to Stop Worrying and Love the Bomb",1964,"https://www.rottentomatoes.com/m/dr_strangelove",38,"98%","94%"
"10e1ff86-81ad-37d3-acdb-b9ede501fa1a","Let the Right One In",2008,"https://www.rottentomatoes.com/m/let_the_right_one_in",39,"98%","90%"
"35e97dbc-aef3-3121-b204-f814ca098b70","The Lord of the Rings: The Two Towers",2002,"https://www.rottentomatoes.com/m/the_lord_of_the_rings_the_two_towers",40,"95%","95%"
"8a363780-1f11-340c-8ecb-cf0487ff47f2","Knives Out",2019,"https://www.rottentomatoes.com/m/knives_out",41,"97%","92%"
"1cd7b573-ec6a-3a9f-a4cc-54c560de1eea","M",1931,"https://www.rottentomatoes.com/m/1012928-m",42,"100%","95%"
"e0b25a6e-2d4f-3688-af28-49df978f4a94","Toy Story 4",2019,"https://www.rottentomatoes.com/m/toy_story_4",43,"97%","94%"
"ee438b82-dee4-3480-8954-2f57fad5c836","The Wrestler",2008,"https://www.rottentomatoes.com/m/the_wrestler",44,"98%","88%"
"3177e2cc-e4bf-3e57-9894-5ccf0bb68682","Goodfellas",1990,"https://www.rottentomatoes.com/m/1032176-goodfellas",45,"95%","97%"
"80f30474-3ac3-36c7-a43b-648d1a627432","The Wizard of Oz",1939,"https://www.rottentomatoes.com/m/the_wizard_of_oz_1939",46,"98%","89%"
"819e3da2-48e0-316a-ae57-4d2e2ff9dc78","Double Indemnity",1944,"https://www.rottentomatoes.com/m/double_indemnity",47,"97%","95%"
"e727c525-ad2d-3873-b10c-40fc59266318","Psycho",1960,"https://www.rottentomatoes.com/m/psycho",48,"97%","95%"
"f5fae57c-4705-366a-9a38-141f567d6c7c","Paddington 2",2017,"https://www.rottentomatoes.com/m/paddington_2",49,"99%","88%"
"5df7aa13-78d1-346f-9a96-23927af29207","Before Sunrise",1995,"https://www.rottentomatoes.com/m/before_sunrise",50,"100%","93%"
"6263201f-baf8-3312-a482-f8dec3edd662","The Dark Knight",2008,"https://www.rottentomatoes.com/m/the_dark_knight",51,"94%","94%"
"916f85d7-666b-32cd-8110-ff2cf925f2a7","The Maltese Falcon",1941,"https://www.rottentomatoes.com/m/1013139-maltese_falcon",52,"99%","91%"
"72619c50-e028-3cfe-ae53-6cb86204389c","It Happened One Night",1934,"https://www.rottentomatoes.com/m/it_happened_one_night",53,"98%","93%"
"95167af3-87b6-3c50-a13a-7327f46ecbc9","The Wages of Fear",1953,"https://www.rottentomatoes.com/m/wages_of_fear",54,"100%","95%"
"5a2dbf14-b761-3311-aea9-ed46d79200f8","North by Northwest",1959,"https://www.rottentomatoes.com/m/north_by_northwest",55,"97%","94%"
"df5c8a0d-eab9-3790-9efb-5b3ca254e954","Bicycle Thieves",1948,"https://www.rottentomatoes.com/m/bicycle_thieves",56,"99%","94%"
"6f73d4fd-3cd3-3bea-a403-81c5a6cb043f","Alien",1979,"https://www.rottentomatoes.com/m/alien",57,"93%","94%"
"b482178d-2077-304a-bb69-7437b4f8439d","Argo",2012,"https://www.rottentomatoes.com/m/argo_2012",58,"96%","90%"
"1d826680-7a29-3609-ba5f-0d8b641a1191","Get Out",2017,"https://www.rottentomatoes.com/m/get_out",59,"98%","86%"
"b70c2dc6-41e7-3240-a38f-5f5e5018eeb1","The Kid",1921,"https://www.rottentomatoes.com/m/1052609-kid",60,"100%","95%"
"13881ac0-7e95-3889-bb57-8d3efc43dc1d","Mission: Impossible - Dead Reckoning Part One",2023,"https://www.rottentomatoes.com/m/mission_impossible_dead_reckoning_part_one",61,"96%","94%"
"25521cc6-f394-31e0-97c8-bfe62f9b4ef4","The Pianist",2002,"https://www.rottentomatoes.com/m/pianist",62,"95%","96%"
"45f7c269-0399-38a5-ba20-eef1d188ad52","Kind Hearts and Coronets",1949,"https://www.rottentomatoes.com/m/kind_hearts_and_coronets",63,"100%","94%"
"ecfc82ed-e044-3e1e-a16e-afc0e65647f8","The 400 Blows",1959,"https://www.rottentomatoes.com/m/400_blows",64,"99%","94%"
"478947ef-dfa5-3661-b78e-e88de0f3ed9e","Grave of the Fireflies",1988,"https://www.rottentomatoes.com/m/grave_of_the_fireflies",65,"100%","95%"
"efa23598-43de-3bfd-8fb6-7f21fb43703c","The Big Sick",2017,"https://www.rottentomatoes.com/m/the_big_sick",66,"98%","88%"
"1ff1af44-e62b-4278-b21f-06e1a77f634e","Minari",2020,"https://www.rottentomatoes.com/m/minari",67,"98%","87%"
"887fc1d3-bdda-396e-8ff6-eb035e78a718","Portrait of a Lady on Fire",2019,"https://www.rottentomatoes.com/m/portrait_of_a_lady_on_fire",68,"97%","92%"
"5f52ed04-5a0d-3e4c-bc90-67e65d6df169","The Treasure of the Sierra Madre",1948,"https://www.rottentomatoes.com/m/treasure_of_the_sierra_madre",69,"100%","93%"
"97a518ca-7418-3d18-92fd-e8ca1ebf4a6a","Apocalypse Now",1979,"https://www.rottentomatoes.com/m/apocalypse_now",70,"97%","94%"
"5004f9bf-acc7-3c99-8e7f-208a7a692f1f","Mission: Impossible - Fallout",2018,"https://www.rottentomatoes.com/m/mission_impossible_fallout",71,"97%","88%"
"3e74c589-5ec6-3b26-9836-624007927333","The Last Picture Show",1971,"https://www.rottentomatoes.com/m/last_picture_show",72,"98%","89%"
"80e311e7-8891-3ac5-9487-bd07dcfa2214","Tampopo",1985,"https://www.rottentomatoes.com/m/tampopo",73,"100%","93%"
"680ec6a1-da95-3c02-8690-7c23f1d18180","Mad Max: Fury Road",2015,"https://www.rottentomatoes.com/m/mad_max_fury_road",74,"97%","86%"
"0884b31e-1688-315c-877a-0adf11c31f4d","Tokyo Story",1953,"https://www.rottentomatoes.com/m/tokyo_story",75,"100%","93%"
"54438ade-99ad-3043-801b-8ac09597be3a","A Hard Day's Night",1964,"https://www.rottentomatoes.com/m/beatles_a_hard_days_night",76,"98%","89%"
"8e497f00-f9c0-3e6c-8526-969077b790df","Metropolis",1927,"https://www.rottentomatoes.com/m/1013775-metropolis",77,"97%","92%"
"0add1933-07c1-375a-b5bd-56a5445b368f","Good Will Hunting",1997,"https://www.rottentomatoes.com/m/good_will_hunting",78,"97%","94%"
"31380a24-d8b9-309c-9919-2a296414f7d4","The Gold Rush",1925,"https://www.rottentomatoes.com/m/the_gold_rush",79,"100%","93%"
"90e35ce9-3f7e-3eb4-b2e5-7df6c74430a4","Aliens",1986,"https://www.rottentomatoes.com/m/1000617-aliens",80,"98%","94%"
"27539355-4940-4c29-aaab-d3fe4dafa4ee","Spider-Man: Across the Spider-Verse",2023,"https://www.rottentomatoes.com/m/spider_man_across_the_spider_verse",81,"95%","94%"
"675cb9c6-b034-3df0-a84b-7c15503faacb","The Good, the Bad and the Ugly",1967,"https://www.rottentomatoes.com/m/the_good_the_bad_and_the_ugly",82,"97%","97%"
"62eb1e24-77d1-3c56-8a3e-a0e37ecc23cb","Harry Potter and the Deathly Hallows: Part 2",2011,"https://www.rottentomatoes.com/m/harry_potter_and_the_deathly_hallows_part_2",83,"96%","89%"
"942088eb-e38c-3ff9-ab49-849a87b266a6","The Silence of the Lambs",1991,"https://www.rottentomatoes.com/m/silence_of_the_lambs",84,"95%","95%"
"515fed5b-c341-3a03-b0d8-3cf47eefd142","Fanny and Alexander",1982,"https://www.rottentomatoes.com/m/fanny_and_alexander",85,"100%","94%"
"5fb90048-1f1f-3c08-ba4e-afded91a1afb","Laura",1944,"https://www.rottentomatoes.com/m/1012007-laura",86,"100%","90%"
"ed40786e-969a-33bc-b668-7ab63efd51b8","The Shop Around the Corner",1940,"https://www.rottentomatoes.com/m/shop_around_the_corner",87,"99%","91%"
"7ca8768d-04d5-3766-ba6a-9b25482a6223","His Girl Friday",1940,"https://www.rottentomatoes.com/m/his_girl_friday",88,"99%","90%"
"6d478192-b5bc-36ec-b3b3-e194ba4356a4","All Quiet on the Western Front",1930,"https://www.rottentomatoes.com/m/all_quiet_on_the_western_front",89,"98%","89%"
"e517727b-63d5-3351-94e8-20c900fa0cca","Monsters, Inc.",2001,"https://www.rottentomatoes.com/m/monsters_inc",90,"96%","90%"
"d4ec545d-84b1-33f8-a3b9-c197e7891532","Nights of Cabiria",1957,"https://www.rottentomatoes.com/m/nights_of_cabiria",91,"100%","94%"
"14a2ed15-4299-39a5-aadc-0ba1cfd38991","Pather Panchali",1955,"https://www.rottentomatoes.com/m/pather_panchali",92,"98%","93%"
"718dd15b-50ee-3090-84c7-13244b587b00","Meet Me in St. Louis",1944,"https://www.rottentomatoes.com/m/meet_me_in_st_louis",93,"100%","87%"
"81b2324e-0627-37c1-b81d-4d5373aa56cd","Witness for the Prosecution",1957,"https://www.rottentomatoes.com/m/witness_for_the_prosecution",94,"100%","95%"
"fa23a5f6-f0af-3dd5-a631-d048ba4ee238","Eighth Grade",2018,"https://www.rottentomatoes.com/m/eighth_grade",95,"99%","82%"
"06098bb8-1615-3526-8f8b-7d72dff39f4d","Rebecca",1940,"https://www.rottentomatoes.com/m/1017293-rebecca",96,"98%","92%"
"fcfec707-2884-3f1c-9030-0cc110f96628","Stalker",1979,"https://www.rottentomatoes.com/m/1043378-stalker",97,"100%","92%"
"f98207b6-9ad5-3b3f-9e41-68e8999fcf5e","The Terminator",1984,"https://www.rottentomatoes.com/m/terminator",98,"100%","89%"
"374dfe3c-95e5-389f-a66d-1a3dab5f2685","Memento",2000,"https://www.rottentomatoes.com/m/memento",99,"94%","94%"
"ce0823f8-bd85-3ab1-9312-a14ecaeeb5a5","The Social Network",2010,"https://www.rottentomatoes.com/m/the-social-network",100,"96%","87%"
"c411a440-12fb-3d4d-a25a-f1bd1e6d3a01","The Hurt Locker",2008,"https://www.rottentomatoes.com/m/the_hurt_locker",101,"96%","84%"
"7d074b33-9879-3956-9d3e-2ddfe0c99c13","12 Years a Slave",2013,"https://www.rottentomatoes.com/m/12_years_a_slave",102,"95%","90%"
"b152a9ee-a9e1-3e9f-b953-1543e04f3652","Catch Me if You Can",2002,"https://www.rottentomatoes.com/m/catch_me_if_you_can",103,"96%","89%"
"52ddc46f-ea5e-312f-b983-3f04a353a290","Jaws",1975,"https://www.rottentomatoes.com/m/jaws",104,"97%","90%"
"98a00fec-af83-3634-b118-75a76579089a","A Man Escaped",1956,"https://www.rottentomatoes.com/m/a_man_escaped",105,"100%","93%"
"897fb889-f5c7-3838-a525-1ab420bdab20","Pan's Labyrinth",2006,"https://www.rottentomatoes.com/m/pans_labyrinth",106,"95%","91%"
"2dd94fec-3692-385d-bc80-6c8888bea303","The Red Shoes",1948,"https://www.rottentomatoes.com/m/1017346-red_shoes",107,"99%","91%"
"4c4cbc7e-82b2-349d-9366-b5be6b4eec15","Anatomy of a Murder",1959,"https://www.rottentomatoes.com/m/anatomy-of-a-murder",108,"100%","91%"
"ea36363e-13d4-33fa-896a-ce45c829715f","Das Boot",1981,"https://www.rottentomatoes.com/m/das_boot",109,"98%","96%"
"29195c3f-3274-38c0-862b-7bb76cdecd80","Ikiru",1952,"https://www.rottentomatoes.com/m/ikiru",110,"98%","97%"
"43082028-b499-31a0-97c3-6593a07b0544","Open City",1945,"https://www.rottentomatoes.com/m/open_city",111,"100%","92%"
"8fbd0d9d-87be-3170-a0ff-611e657bb0b8","Lady Bird",2017,"https://www.rottentomatoes.com/m/lady_bird",112,"99%","79%"
"3c49fd32-79c4-3ef1-9ae2-0b14c898bb04","Hunt for the Wilderpeople",2016,"https://www.rottentomatoes.com/m/hunt_for_the_wilderpeople",113,"97%","91%"
"3c6cb9d3-c86a-3be5-8935-f6d4af5e6f3f","Hell or High Water",2016,"https://www.rottentomatoes.com/m/hell_or_high_water",114,"97%","88%"
"3f4e7c79-b150-3df8-96e3-1c6c89e81f63","Army of Shadows",1969,"https://www.rottentomatoes.com/m/army_of_shadows",115,"97%","94%"
"1928cacf-01cd-37a8-b3af-95394c2f060b","007: Goldfinger",1964,"https://www.rottentomatoes.com/m/goldfinger",116,"99%","89%"
"508bfc6a-1f39-3323-9ccd-998e8df3a48e","The Lady Eve",1941,"https://www.rottentomatoes.com/m/lady_eve",117,"99%","87%"
"d088c6b6-1f9c-31a1-8967-80ebfc401311","Saving Private Ryan",1998,"https://www.rottentomatoes.com/m/saving_private_ryan",118,"94%","95%"
"86d13a34-b57d-30ab-9fbe-948223cfbb96","Ratatouille",2007,"https://www.rottentomatoes.com/m/ratatouille",119,"96%","87%"
"94813ccb-6c7d-3e0a-a635-81d828ab78ab","Star Trek",2009,"https://www.rottentomatoes.com/m/star_trek_11",120,"94%","91%"
"7bceb610-fd4e-3940-ab5b-589b5938c0fe","The Iron Giant",1999,"https://www.rottentomatoes.com/m/iron_giant",121,"96%","90%"
"76eeda7f-765c-3cbf-ad5f-66361b077c97","Monty Python and the Holy Grail",1975,"https://www.rottentomatoes.com/m/monty_python_and_the_holy_grail",122,"96%","95%"
"e2bff218-467b-3595-ae11-c62d690641ad","Star Wars: Episode IV - A New Hope",1977,"https://www.rottentomatoes.com/m/star_wars_episode_iv_a_new_hope",123,"93%","96%"
"87c1213c-e77d-36b5-9429-870cfa93186e","Shadow of a Doubt",1943,"https://www.rottentomatoes.com/m/1018688-shadow_of_a_doubt",124,"100%","89%"
"4c42565e-9037-38bb-974f-d24395df2f1e","WALL-E",2008,"https://www.rottentomatoes.com/m/wall_e",125,"95%","90%"
"e27346ae-d9fc-3c3e-b283-6d3dc8d23ea8","Brooklyn",2015,"https://www.rottentomatoes.com/m/brooklyn",126,"97%","87%"
"24790a59-b0f6-34d5-9535-75e4c31a509c","Mr. Smith Goes to Washington",1939,"https://www.rottentomatoes.com/m/mr_smith_goes_to_washington",127,"97%","94%"
"37409a82-f3ab-3187-b0da-efeefa489456","Spider-Man: No Way Home",2021,"https://www.rottentomatoes.com/m/spider_man_no_way_home",128,"93%","98%"
"e6eb036c-963e-388d-bfa9-3969e9c0d252","The Best Years of Our Lives",1946,"https://www.rottentomatoes.com/m/best_years_of_our_lives",129,"97%","93%"
"738ea3c9-4819-36af-b506-36955f7360b1","The Bridge on the River Kwai",1957,"https://www.rottentomatoes.com/m/bridge_on_the_river_kwai",130,"96%","93%"
"c5cc21c8-6886-3e7a-b7cd-7b92492d66c0","Ali: Fear Eats the Soul",1974,"https://www.rottentomatoes.com/m/fear_of_fear",131,"100%","91%"
"c62078dd-d6b3-3b26-8710-b940fe6638c5","Whiplash",2014,"https://www.rottentomatoes.com/m/whiplash_2014",132,"94%","94%"
"94d88418-a98d-4c0f-b64a-3bffa6ae8d18","The Farewell",2019,"https://www.rottentomatoes.com/m/the_farewell_2019",133,"97%","87%"
"05f0371c-bf9c-3fc9-934d-1ddca6751b83","Unforgiven",1992,"https://www.rottentomatoes.com/m/1041911-unforgiven",134,"96%","93%"
"b6650937-454f-3cbe-bb1f-8b2cba0f3fb9","The Adventures of Robin Hood",1938,"https://www.rottentomatoes.com/m/1000355-adventures_of_robin_hood",135,"100%","89%"
"044acdfc-f685-338b-b465-d5405e5298c0","Pulp Fiction",1994,"https://www.rottentomatoes.com/m/pulp_fiction",136,"92%","96%"
"f0057ed7-b0c6-3a97-9985-3e954b325d09","The King's Speech",2010,"https://www.rottentomatoes.com/m/the_kings_speech",137,"94%","92%"
"125bb9ba-09cc-3340-a3a0-b3024300232f","Leave No Trace",2018,"https://www.rottentomatoes.com/m/leave_no_trace",138,"100%","79%"
"4ecba525-0751-3a00-8b8e-c7a10ff0e385","Star Wars: Episode V - The Empire Strikes Back",1980,"https://www.rottentomatoes.com/m/star_wars_episode_v_the_empire_strikes_back",139,"95%","97%"
"5b9d6d75-a097-3dd7-86e4-5332e3f90e1e","The Passion of Joan of Arc",1928,"https://www.rottentomatoes.com/m/passion_of_joan_of_arc",140,"98%","93%"
"c3c37ead-c52c-38e6-ba06-f3ec5d17bf9f","Quiz Show",1994,"https://www.rottentomatoes.com/m/quiz_show",141,"97%","87%"
"7b2bcd9a-359f-3ffd-bbbd-abe9e5ce3f9e","Avengers: Endgame",2019,"https://www.rottentomatoes.com/m/avengers_endgame",142,"94%","90%"
"94fd508c-db03-39d6-9526-048a3c038ad5","Ran",1985,"https://www.rottentomatoes.com/m/ran",143,"96%","95%"
"0b3942e5-015f-32c3-918e-b57567e02768","Safety Last",1923,"https://www.rottentomatoes.com/m/safety_last",144,"97%","93%"
"41ca006b-8820-379c-84fc-aaae870b37f6","Iron Man",2008,"https://www.rottentomatoes.com/m/iron_man",145,"94%","91%"
"acb75821-7ccb-3dcb-ab9c-35654eba9226","Moana",2016,"https://www.rottentomatoes.com/m/moana_2016",146,"95%","89%"
"4026d6f0-ec26-3bd9-83e9-628a48df2e25","Little Women",2019,"https://www.rottentomatoes.com/m/little_women_2019",147,"95%","92%"
"de9ba2bd-3fdd-4b12-a519-a0a07bc30bf4","Puss in Boots: The Last Wish",2022,"https://www.rottentomatoes.com/m/puss_in_boots_the_last_wish",148,"95%","94%"
"27c70756-a015-3266-b810-b7685431b493","Casino Royale",2006,"https://www.rottentomatoes.com/m/casino_royale",149,"94%","90%"
"292f55f7-f82b-3c90-8c86-3cda3030bed5","The Handmaiden",2016,"https://www.rottentomatoes.com/m/the_handmaiden",150,"96%","91%"
"a913876c-57ad-3add-a551-546705e09b72","La Haine",1995,"https://www.rottentomatoes.com/m/la_haine",151,"96%","95%"
"e99f3f67-52f6-3c0b-bc77-126f56759485","La Strada",1954,"https://www.rottentomatoes.com/m/la_strada",152,"97%","93%"
"8f3aef40-0345-32dc-a218-b10d84d563f5","Rashomon",1950,"https://www.rottentomatoes.com/m/rashomon",153,"98%","93%"
"56b1624a-1ceb-3598-8ee2-62236554094a","Top Hat",1935,"https://www.rottentomatoes.com/m/top_hat",154,"100%","90%"
"75b32426-b997-3ff9-9939-d9a583441d51","The Artist",2011,"https://www.rottentomatoes.com/m/the_artist",155,"95%","87%"
"17cbf599-bbbc-3e4d-818d-609556a38714","The Conformist",1970,"https://www.rottentomatoes.com/m/the_conformist",156,"98%","90%"
"c3444b96-9bb3-31f5-bba2-aa9458d91778","One Flew Over the Cuckoo's Nest",1975,"https://www.rottentomatoes.com/m/one_flew_over_the_cuckoos_nest",157,"93%","96%"
"41168fc5-349b-349b-bb1c-cd2fa5e803b7","In the Heat of the Night",1967,"https://www.rottentomatoes.com/m/in_the_heat_of_the_night",158,"96%","92%"
"6aa34ef5-f4c0-3e76-a5ea-9b9a1fa9dceb","Raiders of the Lost Ark",1981,"https://www.rottentomatoes.com/m/raiders_of_the_lost_ark",159,"93%","96%"
"0cd67794-f8f0-328c-ba4b-a1214c260741","The Peanut Butter Falcon",2019,"https://www.rottentomatoes.com/m/the_peanut_butter_falcon",160,"95%","96%"
"5e7bfe39-9cb7-3889-92d5-9662c4325e12","Paths of Glory",1957,"https://www.rottentomatoes.com/m/paths_of_glory",161,"96%","95%"
"c6b3154c-1814-3a23-a4c2-70d31b08137d","King Kong",1933,"https://www.rottentomatoes.com/m/1011615-king_kong",162,"97%","86%"
"1ae48d6c-8228-3716-9682-9dac21b1be75","Children of Paradise",1945,"https://www.rottentomatoes.com/m/children_of_paradise",163,"98%","95%"
"586d3d97-d93a-30cb-b57f-ece623b32a7f","A Beautiful Day in the Neighborhood",2019,"https://www.rottentomatoes.com/m/a_beautiful_day_in_the_neighborhood",164,"95%","92%"
"421ddfb0-1b0c-3130-a157-ae321ce6d6aa","The LEGO Movie",2014,"https://www.rottentomatoes.com/m/the_lego_movie",165,"96%","87%"
"99b5b045-2c10-3664-9f8a-68d4d4c33786","Before Sunset",2004,"https://www.rottentomatoes.com/m/before_sunset",166,"94%","92%"
"cae1172d-7bf6-4d2c-9f2d-95ceb23dc0e2","Soul",2020,"https://www.rottentomatoes.com/m/soul",167,"95%","88%"
"86a4befb-84a1-346b-9d62-f60486b85923","Creed",2015,"https://www.rottentomatoes.com/m/creed_2015",168,"95%","89%"
"fde71436-f4ed-323f-b23d-6e0ce470d4ba","John Wick: Chapter 4",2023,"https://www.rottentomatoes.com/m/john_wick_chapter_4",169,"94%","93%"
"3f3cd0a4-6af2-3b13-b603-6d20075d8d13","The Princess Bride",1987,"https://www.rottentomatoes.com/m/princess_bride",170,"96%","94%"
"180ea20c-fe9e-38af-b8a1-aa85697c157c","Sunrise",1927,"https://www.rottentomatoes.com/m/sunrise",171,"98%","92%"
"63192f6b-cbb7-33ca-84a3-e2137c344cd5","Before Midnight",2013,"https://www.rottentomatoes.com/m/before_midnight_2013",172,"98%","82%"
"1bb7e154-0b72-35d4-b2c0-03444dcf6609","Lawrence of Arabia",1962,"https://www.rottentomatoes.com/m/lawrence_of_arabia",173,"93%","93%"
"42166f82-4176-32f3-8aaf-7e13d039e2f7","Strangers on a Train",1951,"https://www.rottentomatoes.com/m/strangers_on_a_train",174,"98%","92%"
"d1f4d8dc-1f35-3b7a-ba24-5aa272a229c2","Sling Blade",1996,"https://www.rottentomatoes.com/m/sling_blade",175,"97%","92%"
"dfd26cbf-d588-3807-89ac-475627a705b1","Kubo and the Two Strings",2016,"https://www.rottentomatoes.com/m/kubo_and_the_two_strings_2016",176,"97%","86%"
"819cd155-49d8-365b-9a62-39bced69482a","Sweet Smell of Success",1957,"https://www.rottentomatoes.com/m/sweet_smell_of_success",177,"98%","91%"
"f198021b-ba16-32b9-a5a5-fa1e199229e5","The Thin Man",1934,"https://www.rottentomatoes.com/m/thin_man",178,"98%","94%"
"9e8328d9-a5cd-3547-8b1b-97e76b85c3e4","Once Upon a Time in the West",1968,"https://www.rottentomatoes.com/m/once_upon_a_time_in_the_west",179,"96%","94%"
"36a0a268-1179-3238-a345-0f027fb60ad6","Eternal Sunshine of the Spotless Mind",2004,"https://www.rottentomatoes.com/m/eternal_sunshine_of_the_spotless_mind",180,"92%","94%"
"2dd66854-2bb0-3c13-b596-ba103270888c","Sense and Sensibility",1995,"https://www.rottentomatoes.com/m/1068832-sense_and_sensibility",181,"97%","90%"
"2a4c868f-1dfd-3771-b9b6-9c7d5426d028","BlacKkKlansman",2018,"https://www.rottentomatoes.com/m/blackkklansman",182,"96%","83%"
"66f676e5-1142-3db3-a3a0-ca5e6c7c6af9","Lost in Translation",2003,"https://www.rottentomatoes.com/m/lost_in_translation",183,"95%","85%"
"2e6047eb-370b-333b-aac7-972d911b766d","Au Hasard Balthazar",1966,"https://www.rottentomatoes.com/m/au_hasard_balthazar",184,"100%","86%"
"ed6cb2f2-5c4a-3d90-90fd-d9a3409ffb8b","Boyhood",2014,"https://www.rottentomatoes.com/m/boyhood",185,"97%","80%"
"f3beb856-32b5-3f83-ba29-2e8098e86260","The Grapes of Wrath",1940,"https://www.rottentomatoes.com/m/grapes_of_wrath",186,"100%","88%"
"1655d908-6680-3030-a880-374dec2822f8","Sing Street",2016,"https://www.rottentomatoes.com/m/sing_street",187,"95%","92%"
"fff5cee0-7ad7-3983-aa39-2f7901a77b6f","A Fistful of Dollars",1964,"https://www.rottentomatoes.com/m/fistful_of_dollars",188,"98%","91%"
"b3c8ddca-01bf-3f39-a501-e43cc8f0ff75","The Truman Show",1998,"https://www.rottentomatoes.com/m/truman_show",189,"94%","89%"
"19f4dbba-c5f1-356c-b5f9-480b66877788","Life of Brian",1979,"https://www.rottentomatoes.com/m/monty_pythons_life_of_brian",190,"96%","93%"
"761bdf23-a137-3e5e-a7b9-8609cbb49b66","8 1/2",1963,"https://www.rottentomatoes.com/m/8-12",191,"97%","92%"
"a13df12a-09ef-4a73-809d-a85f3730aee2","Marriage Story",2019,"https://www.rottentomatoes.com/m/marriage_story_2019",192,"95%","85%"
"ff2ebd36-dbea-398c-80a5-8fdc2118e52b","Searching for Bobby Fischer",1993,"https://www.rottentomatoes.com/m/searching_for_bobby_fischer",193,"100%","86%"
"58f41cfc-3c64-3717-a536-077476d01ffc","Battleship Potemkin",1925,"https://www.rottentomatoes.com/m/battleship_potemkin",194,"100%","86%"
"71bca0be-a888-343b-996f-5817fe2c90c1","Sullivan's Travels",1941,"https://www.rottentomatoes.com/m/sullivans_travels",195,"100%","89%"
"582fb8f6-d952-3d64-8dea-0f410b7c79dd","The Red Circle",1970,"https://www.rottentomatoes.com/m/le_cercle_rouge",196,"96%","92%"
"2f406d5d-ef7d-3cc2-b87d-9f07985d8a89","The Lost Weekend",1945,"https://www.rottentomatoes.com/m/lost_weekend",197,"97%","90%"
"0416dcb9-8dc3-31ac-9164-9d263a9331dd","The Nightmare Before Christmas",1993,"https://www.rottentomatoes.com/m/nightmare_before_christmas",198,"95%","92%"
"07d7f9a2-3fa1-342a-b6ca-27fd594e04c6","Oppenheimer",2023,"https://www.rottentomatoes.com/m/oppenheimer_2023",199,"93%","91%"
"41413e5e-1881-3efe-890d-58d23eec1a79","The Discreet Charm of the Bourgeoisie",1972,"https://www.rottentomatoes.com/m/the_discreet_charm_of_the_bourgeoisie",200,"98%","88%"
"21adb372-9d21-3fcc-9618-d82725f39b6d","The Lord of the Rings: The Fellowship of the Ring",2001,"https://www.rottentomatoes.com/m/the_lord_of_the_rings_the_fellowship_of_the_ring",201,"92%","95%"
"27b621dd-46c0-3deb-90be-d63e84f9fc32","Ford v Ferrari",2019,"https://www.rottentomatoes.com/m/ford_v_ferrari",202,"92%","98%"
"a7b6c671-de4e-3e25-8802-da24a4c53752","My Left Foot",1989,"https://www.rottentomatoes.com/m/my_left_foot",203,"98%","92%"
"d54a8e9e-a248-32f7-8dd1-604c76898a89","Room",2015,"https://www.rottentomatoes.com/m/room_2015",204,"93%","93%"
"0fd51ade-60eb-3534-888c-5c6956257dc5","The Lord of the Rings: The Return of the King",2003,"https://www.rottentomatoes.com/m/the_lord_of_the_rings_the_return_of_the_king",205,"94%","86%"
"eb6b7381-1511-3c4a-9067-7bbf355a7094","A Night at the Opera",1935,"https://www.rottentomatoes.com/m/1015002-night_at_the_opera",206,"97%","90%"
"26d41c4c-768e-3764-b39f-50be8bc40034","Halloween",1978,"https://www.rottentomatoes.com/m/1009113-halloween",207,"96%","89%"
"4bda4d5c-f577-46ec-ab3a-b5942975b47f","Air",2023,"https://www.rottentomatoes.com/m/air_2023",208,"93%","98%"
"f0065ecf-6489-35cd-82b3-35873e1f4526","The Sweet Hereafter",1997,"https://www.rottentomatoes.com/m/sweet_hereafter",209,"98%","86%"
"5cd0586b-4a43-3042-b386-20d5d5dbf9b3","Playtime",1967,"https://www.rottentomatoes.com/m/playtime",210,"98%","89%"
"0ae5851f-5dd8-31bd-a2e0-919de2997bd5","True Grit",2010,"https://www.rottentomatoes.com/m/true_grit_2010",211,"95%","85%"
"221fa839-d26f-3339-a64a-9eaf6b39674c","A Quiet Place",2018,"https://www.rottentomatoes.com/m/a_quiet_place_2018",212,"96%","83%"
"4acaea59-3f26-37fe-8de4-30c7f521e5de","Mudbound",2017,"https://www.rottentomatoes.com/m/mudbound",213,"97%","85%"
"571cafd6-c661-3711-b892-4ff1aacfa859","Boyz N the Hood",1991,"https://www.rottentomatoes.com/m/boyz_n_the_hood",214,"96%","93%"
"6efec895-e7b3-385d-86db-231bd7082519","Brazil",1985,"https://www.rottentomatoes.com/m/1003033-brazil",215,"98%","90%"
"72bda3c6-a5bc-3b10-88b5-c6c34dadc3d2","Hidden Figures",2016,"https://www.rottentomatoes.com/m/hidden_figures",216,"93%","93%"
"ea78c5ab-0c93-34ef-8da0-1e13790bac75","Grand Illusion",1937,"https://www.rottentomatoes.com/m/la_grande_illusion",217,"97%","92%"
"83342eb4-00a6-3d1c-a600-c25a98712a23","The Conversation",1974,"https://www.rottentomatoes.com/m/the_conversation",218,"97%","89%"
"4b2729c4-16f5-3a7b-887a-ff4b52d65612","Fargo",1996,"https://www.rottentomatoes.com/m/fargo",219,"94%","92%"
"c34a854c-87a1-3fcf-add2-e0cdf9431ada","Diabolique",1955,"https://www.rottentomatoes.com/m/1032980-diabolique",220,"95%","93%"
"27fff146-dd57-3200-81e0-b7fe769c0681","The Apartment",1960,"https://www.rottentomatoes.com/m/1001115-apartment",221,"94%","94%"
"133cb402-94d7-32ce-a365-513a842dba40","Apollo 13",1995,"https://www.rottentomatoes.com/m/apollo_13",222,"96%","87%"
"8a8e1538-93fb-30e7-acd5-b51149a8b7e0","Princess Mononoke",1997,"https://www.rottentomatoes.com/m/princess_mononoke",223,"93%","94%"
"2aac47a6-a713-33d0-a234-a57e3ad8eff7","Umberto D",1952,"https://www.rottentomatoes.com/m/umberto_d",224,"98%","93%"
"e1374d4d-19b0-31b2-a6cc-c4189f2b27ca","Black Panther",2018,"https://www.rottentomatoes.com/m/black_panther_2018",225,"96%","79%"
"bd14ccf8-022d-353a-8268-2acd79371fc7","Bringing Up Baby",1938,"https://www.rottentomatoes.com/m/bringing_up_baby",226,"97%","89%"
"dc74668b-88d6-3a55-be5e-4c76e7c32591","The Sting",1973,"https://www.rottentomatoes.com/m/1020130-sting",227,"93%","95%"
"19b3ce59-1a84-3c4c-8bcf-0cd5e9c88cbf","Logan",2017,"https://www.rottentomatoes.com/m/logan_2017",228,"93%","90%"
"0009c18f-a374-3d9d-a7da-ad5395b67b13","Nightcrawler",2014,"https://www.rottentomatoes.com/m/nightcrawler",229,"95%","86%"
"c23449c7-5b4c-344f-8a6b-36fc401dcdff","The Departed",2006,"https://www.rottentomatoes.com/m/departed",230,"91%","94%"
"b18eb92d-307a-3655-9b25-849b0e2d17bc","Juno",2007,"https://www.rottentomatoes.com/m/juno",231,"94%","88%"
"10403703-a3e9-3c52-afd4-ac7d32a0a95a","Hero",2002,"https://www.rottentomatoes.com/m/hero",232,"94%","87%"
"41a1ba9d-d335-381f-a14e-4d7f30ae86aa","Shaun of the Dead",2004,"https://www.rottentomatoes.com/m/shaun_of_the_dead",233,"92%","93%"
"4e702a02-b28e-3ac5-89f2-c241ffe2edf2","Stagecoach",1939,"https://www.rottentomatoes.com/m/1019774-stagecoach",234,"100%","86%"
"db357343-dac7-3aa1-9e13-c9b78c02b1f5","Back to the Future",1985,"https://www.rottentomatoes.com/m/back_to_the_future",235,"93%","95%"
"62800336-736f-3393-bd03-c31106741746","Die Hard",1988,"https://www.rottentomatoes.com/m/die_hard",236,"94%","94%"
"4f8b6242-5b0f-38a2-9972-dbd20a1943b7","No Country for Old Men",2007,"https://www.rottentomatoes.com/m/no_country_for_old_men",237,"93%","86%"
"3cc324e9-9a5e-39a1-9b2a-80545e719365","The Lion King",1994,"https://www.rottentomatoes.com/m/the_lion_king",238,"92%","93%"
"0ac76d77-1f07-3a1d-b784-14d416ba3d34","Gravity",2013,"https://www.rottentomatoes.com/m/gravity_2013",239,"96%","79%"
"3119450b-d76b-385a-90d0-b46f75ba4b7a","The Leopard",1963,"https://www.rottentomatoes.com/m/the_leopard_1963",240,"98%","89%"
"99226bae-f3bc-3481-b32c-ceb42649346c","Day for Night",1973,"https://www.rottentomatoes.com/m/day_for_night",241,"98%","91%"
"ee804d13-433f-356e-bb1d-a23f1935f3a8","Badlands",1973,"https://www.rottentomatoes.com/m/badlands",242,"97%","90%"
"8101f42e-f9fb-30fc-9748-2b4101638f27","Touch of Evil",1958,"https://www.rottentomatoes.com/m/touch_of_evil",243,"95%","92%"
"cffde6e2-20ff-3f9f-b49f-d176f18cfe9d","Yojimbo",1961,"https://www.rottentomatoes.com/m/yojimbo",244,"96%","96%"
"9caf27de-ff8c-39e5-8c07-e282b00cb858","A Streetcar Named Desire",1951,"https://www.rottentomatoes.com/m/1020333-streetcar_named_desire",245,"97%","90%"
"09f6b9f8-c5d1-3767-8b9d-3f6851f04def","Breathless",1959,"https://www.rottentomatoes.com/m/breathless",246,"96%","90%"
"4c01692b-e34d-3267-b8c3-5b74af15e693","The Manchurian Candidate",1962,"https://www.rottentomatoes.com/m/1013227-manchurian_candidate",247,"97%","90%"
"de778af0-f8bc-313f-80a4-a5331c1ff2e6","The French Connection",1971,"https://www.rottentomatoes.com/m/french_connection",248,"96%","87%"
"b41a1cf5-c300-3eb1-9d7c-6947d745e0f6","The Bourne Ultimatum",2007,"https://www.rottentomatoes.com/m/bourne_ultimatum",249,"92%","91%"
"1c40b172-f646-3e8b-b891-ee05d977271c","My Fair Lady",1964,"https://www.rottentomatoes.com/m/my_fair_lady",250,"95%","90%"
"f8b8311f-08ca-3e57-bdff-d2196fbd4a1c","It's a Wonderful Life",1946,"https://www.rottentomatoes.com/m/its_a_wonderful_life",251,"94%","95%"
"a4d5eb4a-6d7b-365e-b7ae-827702da9350","Some Like It Hot",1959,"https://www.rottentomatoes.com/m/some_like_it_hot",252,"95%","94%"
"5630261d-c19c-31ba-9efe-f4536f138309","The Fugitive",1993,"https://www.rottentomatoes.com/m/1046129-fugitive",253,"96%","89%"
"4865d1c4-d511-3596-b848-7d57f86841e6","Guardians of the Galaxy",2014,"https://www.rottentomatoes.com/m/guardians_of_the_galaxy",254,"92%","92%"
"69d320ba-3033-3826-939e-3e47c09bd001","Airplane!",1980,"https://www.rottentomatoes.com/m/airplane",255,"97%","89%"
"1b6117e6-c718-3d4f-9f56-5254c337e3c4","Groundhog Day",1993,"https://www.rottentomatoes.com/m/groundhog_day",256,"94%","88%"
"39ece18c-f702-34b8-8e5f-f9b11dc18e5a","This Is Spinal Tap",1984,"https://www.rottentomatoes.com/m/this_is_spinal_tap",257,"96%","92%"
"72722500-4d26-3984-81e9-a7defb63f766","Beauty and the Beast",1991,"https://www.rottentomatoes.com/m/beauty_and_the_beast_1991",258,"93%","93%"
"8022ebef-9df2-3393-ba24-ce8a716f9040","The Taking of Pelham One Two Three",1974,"https://www.rottentomatoes.com/m/the_taking_of_pelham_one_two_three",259,"98%","88%"
"ce4faf60-7493-3977-8054-f83d3edd66ce","City Lights",1931,"https://www.rottentomatoes.com/m/city_lights",260,"95%","96%"
"d0192523-8c26-302a-a11d-200cd231a586","Kiki's Delivery Service",1989,"https://www.rottentomatoes.com/m/kikis_delivery_service",261,"98%","88%"
"ad78d22c-a3c3-3731-b8b3-9de349093618","City of God",2002,"https://www.rottentomatoes.com/m/city_of_god",262,"91%","97%"
"41c77a5e-2f87-31b1-a99a-67eb79d29cbb","Rosemary's Baby",1968,"https://www.rottentomatoes.com/m/rosemarys_baby",263,"96%","87%"
"966000cb-dd10-38b5-8aa5-d8b167b4a580","Call Me by Your Name",2017,"https://www.rottentomatoes.com/m/call_me_by_your_name",264,"94%","86%"
"23e7fde3-a4d5-338c-8783-f3de6f791fd6","Aladdin",1992,"https://www.rottentomatoes.com/m/disneys_aladdin",265,"95%","92%"
"e750c0bf-b04c-36dd-88d7-6d430c3fdef8","The Man With a Movie Camera",1929,"https://www.rottentomatoes.com/m/man_with_a_movie_camera",266,"98%","88%"
"db2f13d5-96a8-3474-816e-48b6c1c008c0","The Lady Vanishes",1938,"https://www.rottentomatoes.com/m/1011813-lady_vanishes",267,"98%","88%"
"bd259d46-a8a4-3ec7-8cd1-41b5b20102ee","The Umbrellas of Cherbourg",1964,"https://www.rottentomatoes.com/m/the_umbrellas_of_cherbourg_1964",268,"97%","87%"
"cd9060e7-5a09-3f24-af38-8d57a821db37","Mission: Impossible Rogue Nation",2015,"https://www.rottentomatoes.com/m/mission_impossible_rogue_nation",269,"94%","87%"
"f1b518ac-d000-3f79-a85f-cbf619ba9c1d","Three Colors: Blue",1993,"https://www.rottentomatoes.com/m/three_colors_blue",270,"96%","93%"
"e88592e5-e01b-36d3-8726-3ab7e7f7a0b4","Milk",2008,"https://www.rottentomatoes.com/m/milk",271,"93%","89%"
"154fa4fc-b497-3553-aa71-561af91f603b","Traffic",2000,"https://www.rottentomatoes.com/m/1103281-traffic",272,"93%","85%"
"36fc4b4a-6f33-321f-8648-56df1e7b32c3","Invasion of the Body Snatchers",1956,"https://www.rottentomatoes.com/m/1010678-invasion_of_the_body_snatchers",273,"98%","85%"
"a5e462a4-3e04-3db8-8fc4-46ad1144edc7","Thor: Ragnarok",2017,"https://www.rottentomatoes.com/m/thor_ragnarok_2017",274,"93%","87%"
"e645e297-03d0-3b5f-8a75-dd8a39cba4ee","The Odd Couple",1968,"https://www.rottentomatoes.com/m/1015380-odd_couple",275,"98%","89%"
"4c0437d5-d6d0-30b7-af00-831c660f98ce","Bride of Frankenstein",1935,"https://www.rottentomatoes.com/m/bride_of_frankenstein",276,"98%","87%"
"0de88234-5865-355b-a346-32bc836a97db","What's Love Got to Do With It",1993,"https://www.rottentomatoes.com/m/whats_love_got_to_do_with_it",277,"97%","88%"
"83b1f72e-6dd5-3538-89dd-b10e57016fbf","Star Wars: The Force Awakens",2015,"https://www.rottentomatoes.com/m/star_wars_episode_vii_the_force_awakens",278,"93%","84%"
"a50a127d-e1cb-373d-8f20-4999b7186c77","Roman Holiday",1953,"https://www.rottentomatoes.com/m/roman_holiday",279,"96%","93%"
"30c6fd6b-7da7-333d-9be0-005103c2a3d3","Am√©lie",2001,"https://www.rottentomatoes.com/m/amelie",280,"90%","95%"
"bd1b0cd8-1ad4-3ae0-a486-4ef8229a9cfa","To Be or Not to Be",1942,"https://www.rottentomatoes.com/m/to_be_or_not_to_be",281,"96%","93%"
"f1efa382-320c-309b-b4dd-070b99af6349","All the President's Men",1976,"https://www.rottentomatoes.com/m/all_the_presidents_men",282,"94%","92%"
"77bc0c7d-7fa0-389a-9715-e3760c829f0a","Throne of Blood",1957,"https://www.rottentomatoes.com/m/throne_of_blood",283,"96%","93%"
"993b9b59-ddb6-3102-9e25-07da7d9338a8","Taxi Driver",1976,"https://www.rottentomatoes.com/m/taxi_driver",284,"89%","93%"
"5262e09f-76e7-36c6-a804-9bd8a6d252b3","The Big Sleep",1946,"https://www.rottentomatoes.com/m/1002352-big_sleep",285,"96%","91%"
"f362b9f5-57e0-3021-a310-ececbcf2f49f","Marvel's the Avengers",2012,"https://www.rottentomatoes.com/m/marvels_the_avengers",286,"91%","91%"
"8dba6b0a-f663-3530-b085-b7913009ede7","Secrets & Lies",1996,"https://www.rottentomatoes.com/m/secrets_and_lies",287,"96%","91%"
"48dedda4-ac2f-3ebf-9432-dcd42eb37521","Dog Day Afternoon",1975,"https://www.rottentomatoes.com/m/dog_day_afternoon",288,"96%","90%"
"f312c634-a621-3f33-8c6b-98ef9980dbe8","Being There",1979,"https://www.rottentomatoes.com/m/being_there",289,"95%","92%"
"de8ac79a-f096-3eee-a312-13aa98115efe","Aguirre: The Wrath of God",1972,"https://www.rottentomatoes.com/m/aguirre_the_wrath_of_god",290,"96%","91%"
"7475c7be-5ac6-3f6d-992e-9be0d1d7ecdb","Arrival",2016,"https://www.rottentomatoes.com/m/arrival_2016",291,"94%","82%"
"22dbdeaa-bc3c-378f-8d61-a58e30d43b25","Wings of Desire",1987,"https://www.rottentomatoes.com/m/wings_of_desire",292,"95%","93%"
"5e3ba06e-652d-3bd5-93fc-e366f95da2d6","Raging Bull",1980,"https://www.rottentomatoes.com/m/raging_bull",293,"92%","93%"
"77f19acc-aac9-3385-a97c-7fd0c9747977","Fruitvale Station",2013,"https://www.rottentomatoes.com/m/fruitvale_station",294,"94%","87%"
"396e1190-3550-317a-bb0c-5308655b3f22","La Dolce Vita",1960,"https://www.rottentomatoes.com/m/la_dolce_vita",295,"95%","90%"
"144420f9-e23e-3dde-acbd-58a322954fc0","Beauty and the Beast",1946,"https://www.rottentomatoes.com/m/1001902-beauty_and_the_beast",296,"96%","90%"
"db9832af-407b-3c36-85c8-f1d99f614963","The Killing",1956,"https://www.rottentomatoes.com/m/killing",297,"96%","92%"
"d0a2f686-cfc7-3d53-96b2-edca9b003757","The Rules of the Game",1939,"https://www.rottentomatoes.com/m/the_rules_of_the_game",298,"97%","89%"
"025f8085-b8fa-394b-956e-eaf4810ccb8f","Eyes Without a Face",1960,"https://www.rottentomatoes.com/m/eyes_without_a_face_1962",299,"97%","87%"
"96f91c04-5e32-39b2-805f-4c1d1bcb3b1b","The Cabinet of Dr. Caligari",1919,"https://www.rottentomatoes.com/m/the_cabinet_of_dr_caligari",300,"96%","89%"
